{"cameraMode":{"drawMode":0,"name":"Shaded","section":"Shading Mode"},"sceneLighting":true,"audioPlay":false,"sceneViewState":{"m_AlwaysRefresh":false,"showFog":true,"showSkybox":true,"showFlares":true,"showImageEffects":true,"showParticleSystems":true,"showVisualEffectGraphs":true,"m_FxEnabled":true},"in2DMode":false,"pivot":{"x":-3.699456214904785,"y":0.8353467583656311,"z":6.466410160064697},"rotation":{"x":0.13112756609916688,"y":-0.4143044054508209,"z":0.06045599281787872,"w":0.8986208438873291},"size":0.25438690185546877,"orthographic":true}