{"cameraMode":{"drawMode":0,"name":"Shaded","section":"Shading Mode"},"sceneLighting":false,"audioPlay":false,"sceneViewState":{"showFog":true,"showMaterialUpdate":false,"showSkybox":true,"showFlares":true,"showImageEffects":true,"showParticleSystems":true},"in2DMode":false,"pivot":{"x":4.46999979019165,"y":-0.41000014543533327,"z":-12.079999923706055},"rotation":{"x":0.0734783485531807,"y":-0.41731610894203188,"z":0.03387678787112236,"w":0.9051522612571716},"size":22.0,"orthographic":false}